1,Lucienne,Baratleke,10982
2,Harold,Nangka,88782
3,Petr,Kuhmoinen,6731
4,Stephenie,Trajouce,18219
5,Nikolas,Usulután,1798
6,Benni,Panimbang,1982
7,Alexis,Fier-Çifçi,68219
8,Rad,Kosów Lacki,93633
9,Kacie,Lincha,15601
10,Gabbi,Färgelanda,25281
11,Marilin,Vredendal,16513
12,Kristal,Pamanukan,30328
13,Minette,Conel,28339
14,Yetta,Langzhong,23109
15,Georges,Pondokaso,51690
16,Wendeline,Antalaha,31456
17,Ambrosio,Roissy Charles-de-Gaulle,8962
18,Mayer,Paris 19,98446
19,Brendan,Lysá nad Labem,10921
20,Lolly,Lysychovo,55168
21,Chastity,Tongyang,33278
22,Charis,Ma‘arrat an Nu‘mān,71060
23,Alyssa,Cañuelas,79355
24,Westleigh,Karlskrona,4405
25,Brunhilde,Majāz al Bāb,62576
26,Torre,Agua Buena,69315
27,Alica,Invermere,96470
28,Ange,Suraż,64973
29,Artair,Ochobo,49946
30,Randie,Oenam,69056
31,Raven,Don Carlos,99433
32,Nerte,Yunhe,57596
33,Courtnay,Anguil,16354
34,Alaster,Kup,75558
35,Prudy,Birmingham,63917
36,Meyer,Puor,49140
37,Cele,Makbon,68205
38,Agnese,Melbourne,96243
39,Kally,Wetzlar,75819
40,Nikaniki,Kilju,50099
41,Robin,Ganzi,63541
42,Licha,Sukorejo,54372
43,Fletch,Wenjiao,40900
44,Meredith,Kisarawe,34443
45,Barrie,Plaju,87217
46,Elonore,Isaka,3548
47,Rosanna,Taiqing,66187
48,Lindie,Trhové Sviny,91575
49,Prisca,Guancheng,27375
50,Coretta,Anao,54987
51,Reuben,Xinshichang,57176
52,Alaric,Watunggong,76535
53,Marchelle,Kwakoa,32216
54,Wyndham,Houzhai,66758
55,Harry,Jesús Menéndez,47602
56,Matty,Kalá Déndra,18619
57,Rosaleen,Santa Apolonia,99853
58,Irma,Buzhakan,96424
59,Zora,Miastków Kościelny,92020
60,Wye,Maniwaki,96924
61,Thomasin,Namalenga,47404
62,Derry,Nanying,6649
63,Marcel,Matiao,90391
64,Melisent,Fenghua,32562
65,Gilbert,Arcos,1728
66,Teri,Tawangrejo,68382
67,Justine,Helvecia,34310
68,Louella,Kamojimachō-jōgejima,65093
69,Nathaniel,Wendo,2288
70,Bernie,Infantas,95111
71,Chrysler,Tissa,95246
72,Mitchell,‘Amrān,92418
73,Janith,Glazov,11996
74,Steve,Łopuszno,95078
75,Imogene,Jezzîne,39888
76,Gianna,Liure,16768
77,Caz,Gunungsubang,14729
78,Sadie,El Corpus,36505
79,Heinrick,Pedro Leopoldo,26722
80,Barton,Casilda,14714
81,Karyn,Tobelo,78320
82,Avigdor,Las Cruces,97585
83,Florenza,Siumate,70286
84,Keary,Karangsuko,54908
85,Christy,Menghai,23295
86,Sibbie,Dinghuo,69396
87,Dennis,Gandekan,16049
88,Fritz,Chabařovice,80079
89,Patrick,Braunschweig,29560
90,Tilda,San José de los Remates,36976
91,Allys,Wołczyn,72526
92,Kevin,Tianxingchang,59926
93,Wendie,Mayrtup,65825
94,Alvis,Chabařovice,69803
95,Cary,Renchaoxi,16188
96,Reinhold,Shimen,42817
97,Judon,Sempu,49970
98,Britney,Heilbronn,89382
99,Cacilia,Mabalacat,98105
100,Gar,Norfolk,29198
101,Sofie,Itapira,62373
102,Rosemary,Pimenta Bueno,83663
103,Linnell,Hoçisht,78580
104,Jannelle,Itararé,44696
105,Britney,Krzeczów,15085
106,Chet,Richmond,40287
107,Raynor,Terawas,37198
108,Rosina,Jinhe,3034
109,Romeo,Namioka,44211
110,Clair,Caimitillo,47607
111,Quincy,Angochi,30802
112,Tracey,North Little Rock,84104
113,Aleen,Banana Village,91968
114,Bret,Marićka,39191
115,Raymund,Angren,17656
116,Torr,Trần Văn Thời,76091
117,Kalindi,Providencia,86741
118,Reinaldo,Puerto San José,98563
119,Ag,Metz,30031
120,Marga,Pouso Alegre,39286
121,Aloisia,Slavyanovo,88797
122,Fernanda,Shijiazhai,98255
123,Idelle,Arlington,93352
124,Jacqui,Hobscheid,88021
125,Teresina,Rauco,45922
126,Ettore,Phatthana Nikhom,55922
127,Stanley,Rustenburg,16753
128,Alex,Biryulëvo Zapadnoye,84982
129,Andreana,Mrganush,60546
130,Trescha,Echeng,32021
131,Gran,Jiaoxiyakou,63592
132,Kevon,Citeureup,47055
133,Holden,Perpignan,81688
134,Smitty,Dos Quebradas,51745
135,Brooks,Kabalo,13901
136,Gina,Kučevo,20316
137,Marnie,Mochumí,12597
138,Sindee,São Paio de Seide,87650
139,Gabby,Blang Dalam,89314
140,Lazar,Nelipyno,47386
141,Nannie,Taavetti,58673
142,Chadwick,Guji,88725
143,Jason,Longka,66115
144,Kalle,Cadagmayan Norte,91822
145,Gaultiero,Maquiapo,99246
146,Josephine,Luleå,50599
147,Dudley,Bromma,53797
148,Jack,Göteborg,56101
149,Mikol,Puncan,64640
150,Lucian,Maroua,22085
151,Freemon,Bantarjati,67991
152,Elbertina,Ochobo,34348
153,Mair,Irecê,39592
154,Andre,Awsīm,90413
155,Appolonia,Petiga,88493
156,Maribel,Pueblo Nuevo,3896
157,Gil,Podporozh’ye,57868
158,Hebert,Telsen,20522
159,Beitris,Librazhd,5018
160,Meaghan,Cap Malheureux,97456
161,Land,Saint-Denis,66792
162,Adrian,Licheng,89859
163,Worthington,Shidong,78992
164,Hurleigh,Nedašov,5026
165,Genna,Shuangjing,42236
166,Katee,Kradinan,33858
167,Fredia,Phra Phutthabat,70174
168,Giana,Zhatay,7495
169,Lenci,Głogów Małopolski,19496
170,Robb,Watulumbung,77080
171,Anna,Thành Phố Bà Rịa,90709
172,Adriaens,Mulhouse,96998
173,Teena,Loay,10329
174,Ruddie,Kuching,62769
175,Jean,Slovenski Javornik,49856
176,Henrietta,Phak Hai,22416
177,Atlante,Khlevnoye,93628
178,Troy,Maesan,99835
179,Chaddie,San Pedro,25185
180,Lelia,Williamsfield,67093
181,Doralin,Shūkat aş Şūfī,61328
182,Waly,Puncakbaru,72731
183,Wilmer,Aoufous,92599
184,Tod,Alcala,28913
185,Clarie,Butahai,68404
186,Saraann,Kulun,70296
187,Zelig,Larnaca,92503
188,Mariette,Khairpur,30234
189,Allister,Kruty,29774
190,Becka,Kuala Lumpur,69984
191,Sam,Telukpakedai,21184
192,Zilvia,Strasbourg,13259
193,Chelsy,Tobatí,52311
194,Yetty,Guimba,13947
195,Myrtie,Nantes,14866
196,Skip,Dajianchang,78154
197,Pamela,Gœsdorf,6655
198,Lauren,Sumberbatas,98622
199,Anabella,Tarbes,96100
200,Melloney,Javalera,7137
201,Morgana,Tateyama,40309
202,Grata,Yiqi,36913
203,Cyril,Suren,41596
204,Etta,Klukeng,40750
205,Eamon,Gumawang,46923
206,Idalina,Choloma,25754
207,Mercedes,Rongwo,16989
208,Quentin,Huangqi,73998
209,Minnaminnie,Al Qāmishlī,51896
210,Lemmy,Dresi Wetan,34142
211,Pearla,Yuandun,58714
212,Rem,Salakuray,58872
213,Kyrstin,Malonty,9969
214,Jaime,Huashan,8531
215,Land,Tiyuguan,51068
216,Lilah,Uyovu,71535
217,Roselia,Xiqi,66813
218,Dorisa,Tinampo,85628
219,Emanuel,Tierp,25480
220,Ciel,El Porvenir,32443
221,Orville,Noisy-le-Grand,96881
222,Colas,Naj‘ Ḩammādī,25286
223,Trent,San José,63427
224,Cristi,Huangpu,11978
225,Jesselyn,El Corozo,25879
226,Ambur,Azinhal,62928
227,Arlan,Gaopai,41860
228,Anders,Kobeřice,32332
229,Gaston,Poykovskiy,94946
230,Rollie,El Tambo,44462
231,Karin,Krajan,62258
232,Parker,Sanshui,60274
233,Darsey,Krajan Puru,49550
234,Onfroi,Malko Tŭrnovo,7315
235,Ermanno,Gaoming,96217
236,Bobbee,Imām Şāḩib,42889
237,Toni,Xuji,13235
238,Artus,Jinfeng,22459
239,Pinchas,Dongjiao,83453
240,Curt,Kalix,55150
241,Burlie,Amvrosiyivka,68803
242,Netta,Alvaiázere,29841
243,Deborah,Kamennogorsk,3980
244,Bill,Lang Suan,51024
245,Merilee,Barang,28217
246,Lilas,Santa Catalina,15763
247,Erhard,Asen,51706
248,Elora,Lashkar Gāh,95882
249,Kelley,San Mariano,92591
250,Laraine,Guadalupe Victoria,97182
251,Thelma,Dijon,16211
252,Valeria,Banjar Tibubiyu Kaja,98624
253,Caren,Danjiangkou,51668
254,Micaela,Karangora,19089
255,Maribelle,Kaseda-shirakame,54353
256,Wally,Thị Trấn Trùng Khánh,20456
257,Dollie,Nanzhao Chengguanzhen,29785
258,Nert,Mszana Dolna,76061
259,Enrica,N'Djamena,95844
260,Adriaens,Planovskoye,39721
261,Theodora,Katav-Ivanovsk,88611
262,Turner,Fengxizhai,12827
263,Brad,Baishan,26066
264,Colene,Anjia,25141
265,Burk,Požarevac,26173
266,Ingeberg,Rokiškis,93218
267,Bambi,Māmu Kānjan,35354
268,Michel,Sukarame,54774
269,Pincas,Ban Phaeo,31106
270,Twyla,Gonzalo,86805
271,Waylon,Bantul,83538
272,Aleda,Hlusk,21932
273,Danny,Amiens,67536
274,Marcos,Kimje,52030
275,Christalle,Guishan,64416
276,Aldrich,Pithoro,56656
277,Gene,Sośno,60213
278,Cort,Santa Rita,26402
279,Berri,Vrilissia,42776
280,Merissa,Zahlé,79543
281,Rees,Delft,32059
282,Ashien,Sylhet,23583
283,Guss,Parchal,7933
284,Zarla,Paoua,42953
285,Verne,Cholpon-Ata,34832
286,Sidonnie,Pipa,79220
287,Milty,Betio Village,7262
288,Hilary,Pushkino,57094
289,Rodney,Vanves,84456
290,Dannie,Sicheng,74543
291,Nat,Teruel,46290
292,Chrotoem,Stockholm,70776
293,Dukey,Medvedovskaya,59335
294,Jerome,Guantian,42976
295,Alikee,Soio,79940
296,Raymund,Phibun Mangsahan,42271
297,Niles,Själevad,37789
298,Linnie,Iqaluit,43879
299,Feodora,Varser,24105
300,Estevan,Lorica,24214
301,Halsey,Banepa,20616
302,Nola,Mohammedia,59011
303,Theodoric,Xiaolin,73896
304,Estrellita,Genève,55208
305,Irving,San Juan,34086
306,Lezley,Rozhniv,58208
307,Elisha,Hrušica,40588
308,North,Quintela,74178
309,Charmain,Libato,60335
310,Bank,Shazhou,12641
311,Maxie,Blois,38347
312,Magdaia,Nam Som,51183
313,Lari,Ningxi,98529
314,Mareah,Boguszów-Gorce,4238
315,Benoite,Bacong,31754
316,Marena,Saint-Jean-de-Védas,81626
317,Katey,Rodópoli,76214
318,Vinni,Seupakat,32115
319,Gerome,Mesopotamía,69684
320,Cyndi,Hrádek,49642
321,Adan,Quinjalca,41959
322,Casper,Hongdu,21568
323,Rahal,Novyy Starodub,67889
324,Worden,Petäjävesi,40457
325,Amandie,Loncoche,76164
326,Vernen,Capissayan Sur,12511
327,Elbertine,Larache,68334
328,Ninnette,Täby,97282
329,Leigh,Enköping,20651
330,Fitzgerald,Catamayo,69138
331,Vivianna,Ignalina,91332
332,Darn,Ar Riqāmā,4921
333,Cherin,Kaz,71822
334,Husain,Juranalas,19180
335,Delano,Carhuac,68589
336,Glynnis,Gaio,81289
337,Corney,Al Quwaysimah,87574
338,Abram,Salcedo,38398
339,Marja,Dongpu,20515
340,Beryle,Bromont,62864
341,Korry,Kopang Satu,42374
342,Selia,Sison,11198
343,Garrett,Anicuns,66124
344,Dido,Tatariv,89195
345,Mirella,Banjar Taro Kelod,42408
346,Sigvard,Nairobi,17490
347,Lorelle,Hesheng,66531
348,Jessika,Mueang Nonthaburi,71886
349,Barbra,North Side,21242
350,Aldo,Salto,29301
351,Laureen,Corail,64221
352,Minetta,Changtian,53000
353,Timotheus,Zongluzui,4701
354,Ellyn,Gouxaria,21957
355,Glenn,Ngulung Wetan,13259
356,Alvie,Tabant,69603
357,Rouvin,Kuanfeu,80970
358,Raymund,Talisay,92496
359,Udale,São Sebastião do Passé,73633
360,Birgit,Vlachovice,72850
361,Herta,Margasana,23598
362,Elwood,Tabogon,84857
363,Kathe,Dengfang,46307
364,Fernandina,Xushuguan,15544
365,Marlo,West End,69973
366,Valene,Nanling,98698
367,Maia,Anyang,31143
368,Hy,Huangtan,38808
369,Molly,Abaeté,15822
370,Amata,Tsimlyansk,46695
371,Vittoria,Nichinan,58486
372,Tymon,Necoclí,34927
373,Adler,Tucano,63659
374,Hedwiga,Dzhankoy,22213
375,Ebonee,Yingyang,4286
376,Moishe,Ardino,69304
377,Merrill,Huddinge,90444
378,Jacquenette,Baytā al Fawqā,33583
379,Matthew,Balete,71079
380,Denni,Chicago,81115
381,Katharine,Zheleznogorsk-Ilimskiy,62179
382,Merlina,Mishkino,58965
383,Arline,Bulo,29218
384,Nike,Shakhtars’k,41234
385,Reggis,Guanting,78047
386,Ferdie,Beiquan,82755
387,Gwenore,Bailingnao,87057
388,Merill,Bantar,68875
389,Shelagh,Petrikov,92153
390,Dominique,Bila Tserkva,95505
391,Caterina,eMbalenhle,74216
392,Llewellyn,Isanlu Itedoijowa,3930
393,Wilbert,Maringá,29227
394,Tuesday,Zaliznychne,79200
395,Thorstein,Satinka,88576
396,Quinn,Stockholm,95784
397,Cherey,Cedar Rapids,87017
398,Eldin,Philadelphia,22110
399,Sidney,Krolevets’,87306
400,Lamar,Jiquinlaca,92071
401,Jervis,Krousón,68086
402,Lanna,Nama,22216
403,Bonnee,Curug,89783
404,Berte,Cicheng,18087
405,Sonia,Dongyuan,39846
406,Josepha,Yefremov,46499
407,Dag,Toumodi,89746
408,Gwenni,Marulanda,99844
409,Bentlee,Swedru,38185
410,Monica,Urcos,90487
411,Ashien,Sáchica,25854
412,Gawain,Nageswari,70409
413,Thorvald,Vysotsk,70646
414,Tammi,Rivière-du-Loup,21610
415,Dania,Zmeyskaya,67538
416,Kahlil,Saint Ann’s Bay,72771
417,Alisun,Belgrade,92285
418,Inna,Daliuhao,26207
419,Evvy,Toshkivka,54560
420,Eula,Jongorsari,92651
421,Myrvyn,Viradouro,78661
422,Drud,Oslo,83952
423,Phedra,Sanski Most,90696
424,Jolie,Yingchuan,42797
425,Griffy,Mszana Dolna,59811
426,Sampson,Cap Malheureux,24605
427,Gal,Aba,62795
428,Nicole,Bečmen,4437
429,Natala,Jiulong,31769
430,Tisha,Jinhe,70405
431,Sherwood,Palcamayo,90865
432,Margo,Kidal,79971
433,Rozalie,Malalag,24674
434,Ali,Khvalynsk,80157
435,Rouvin,Acharnés,1045
436,Rebeka,Jatirejo,16365
437,Dene,Hpa-an,95447
438,Rennie,Kampong Thom,12785
439,Anthea,Listvyanskiy,72905
440,Hailey,Taiyuan,47809
441,Enrika,Umm as Sāhik,69009
442,Adria,Berlin,77555
443,Robbert,Puerto Tejada,95278
444,Ellsworth,María la Baja,42149
445,Georg,Xiamayu,18295
446,Katerina,San Diego,16059
447,Adrienne,Oravais,32058
448,Joana,Jimusa’er,56081
449,Arleyne,Varėna,50073
450,Virgie,Valencia,70848
451,Maye,Hushan,75769
452,Larissa,Wurigelebur,49849
453,Jarrod,Tembisa,20025
454,Ilise,Lleida,88326
455,Marney,Koygorodok,89659
456,Sarette,Weifen,8596
457,Forbes,Capalayan,67847
458,Lacie,Sigou,64581
459,Carmelle,Jiangyin,63971
460,Delmor,Ageoshimo,93744
461,Keith,Otjimbingwe,56807
462,Sean,Hpa-an,38061
463,Chen,Kanugrahan,46956
464,Skylar,Rezovac,11353
465,Hilton,Villa Lugano,59555
466,Cookie,Lyon,29034
467,Camala,Xianyan,53589
468,Reed,Minakuchi,21512
469,Kirbee,Pruzhany,99699
470,Lillis,Raposos,71955
471,Susanne,Urukh,66306
472,Marchelle,Moss,72186
473,Janenna,Lichengdao,24805
474,Nananne,Saurimo,65333
475,Wendell,Budenovetc,61573
476,Tracy,Cochrane,11889
477,Jody,Luleå,56194
478,Vikky,Minle,63330
479,Phyllys,Firmat,75395
480,Perri,Same,2525
481,Riva,Danxi,89415
482,Cherey,Nanshe,67222
483,Vanna,General Luna,88422
484,Freida,Oslo,86357
485,Kathe,Belo,37034
486,Solomon,Yuanshanzi,91131
487,Tressa,Zhengwan,4675
488,Pearle,Narva-Jõesuu,66231
489,Emerson,København,56070
490,Doralyn,Koupéla,38486
491,Aveline,Nueva Esperanza,75760
492,Batsheva,Ungaran,36081
493,Gan,Dili,47722
494,Gianna,Rovira,91764
495,Binky,La Rochelle,21123
496,Nerita,Dubu,12310
497,Morry,Sangongqiao,93030
498,Frans,Zürich,96214
499,Kristin,Dikson,34262
500,Helge,Santa Fe,80654
501,Perry,Kuala Lumpur,3206
502,Brear,Chunshui,43321
503,Joanie,Shahe,30599
504,Thomasin,Chongkan,37645
505,Faber,Cuito,98308
506,Joella,Camachile,95777
507,Emmi,Fastovetskaya,79798
508,Osmund,Wuṯahpūr,3690
509,Daniella,Obninsk,85772
510,Craggy,Zavrč,65334
511,Monica,Xichang,55399
512,Gaylord,El Paisnal,57713
513,Aron,Chumphon,19232
514,Morgen,Taourirt,58793
515,Aile,Yanhe,89145
516,Fin,Tartu,36816
517,Alethea,Thiers,74320
518,Jayme,Villa Nueva,76579
519,Cammy,San Antonio,56028
520,Brantley,Tabaga,40928
521,Bernardo,Częstochowa,86815
522,Kellen,Panao,9114
523,Coop,Tullich,37778
524,Anthiathia,Słupsk,21335
525,Garey,Pangkalan,9600
526,Bobby,Estreito,80933
527,Alysia,Apeldoorn,92066
528,Kikelia,Pledo,72211
529,Ina,Kovrov,74901
530,Daniela,Naberera,49234
531,Terrijo,Izlake,50548
532,Luci,Kolonowskie,3529
533,Carlie,Cabreúva,39911
534,Tyne,Frederiksberg,74191
535,Alphard,Nong Khai,54463
536,Nonah,Amarillo,39990
537,Towny,Sidoger Lebak,98324
538,Legra,Planaltina,5474
539,Worth,Ladan,24009
540,Kurt,San Francisco,52754
541,Kirbie,Woja,55818
542,Carlie,Jialu,21011
543,Sela,Kréstena,42649
544,Blanche,Požarevac,36267
545,Carina,Malinta,17635
546,Hanna,Nizhnyaya Tura,77351
547,Molly,Bato,59088
548,Fin,Murça,73681
549,Jazmin,Linan,98132
550,Thain,Aţ Ţaybah,19044
551,Averyl,Nybro,55449
552,Helen-elizabeth,Makata,42564
553,Deena,Vose’,33487
554,Michelle,Meia Via,68831
555,Norrie,Sindangan,43475
556,Eustacia,Maia,81169
557,Gilda,Lille,18691
558,Marketa,Al ‘Ulá,91540
559,Bordy,Santo Tomás,43907
560,Lindsey,Wakuya,65712
561,Noemi,Noshiro,24187
562,Ezmeralda,Ponte Nova,46969
563,Filbert,Zuolan,16091
564,Georgie,Lipka,57858
565,Hamish,Lýkeio,73047
566,Marchelle,Wamba,34386
567,Gilburt,Hienghène,79421
568,Garald,Sollebrunn,27301
569,Evangelina,Banyuresmi,24827
570,Sloane,Huili,10932
571,Arlie,Onoda,98503
572,Kelley,Tambalisa,69206
573,Granny,Infonavit,81174
574,Timmy,Sennoy,78404
575,Susanna,La Mesa,50783
576,Wyatt,Racławice,89266
577,Temple,Greensboro,1118
578,Den,Guantun,44403
579,Tadio,Pasar Kulon,15143
580,Horatio,Baolong,8162
581,Tarrah,Tutong,13170
582,Sacha,Bual,89464
583,Billye,Qiujia,59763
584,Noemi,Grand Junction,93039
585,Karin,Aoufous,22934
586,Ciel,Santos Dumont,19962
587,Katy,Kigali,43405
588,Ferrell,Toulouse,55647
589,Juditha,Kuz’minskiye Otverzhki,50874
590,Charla,Sishui,58398
591,Pauly,Iznoski,62891
592,Levy,Yangtan,5526
593,Lowell,Yuetang,20060
594,Marcie,Paatan,37897
595,Marcelo,Lingdong,15731
596,Cleve,Jatiraya,37416
597,Gallard,Adrasmon,14506
598,Felice,Bieligutai,35302
599,Druci,Kebon,2709
600,Evelyn,Citeureup,92932
601,Anthony,Tianguá,1306
602,Douglas,Pangnirtung,12226
603,Jessalin,Stoszowice,50426
604,Paige,Masallātah,97818
605,Jonell,Killarney,69720
606,Vivi,Akim Oda,63421
607,Atalanta,Catalão,73363
608,Archibald,Knyazhichi,55563
609,Christiana,Vazhiny,91993
610,Gaston,Yanghu,14542
611,Sallie,Satuba,18313
612,Lesly,Staropyshminsk,2345
613,Gery,Třemošnice,98991
614,Katerine,Kauman,7999
615,Lorne,Järfälla,92889
616,Cal,Lijia,97617
617,Obed,Šilheřovice,98176
618,Jdavie,La Huaca,57837
619,Paton,Renchaoxi,92875
620,Babette,Xambabazar,61852
621,Cosimo,Santa Fe,20010
622,Ainslee,Sandaogou,56233
623,Siffre,Haenam,36306
624,Carr,Boulsa,96344
625,Phillis,Niedźwiada,49005
626,Leticia,Xueshan,94131
627,Mavra,Oranjestad,41036
628,Nial,Радовиш,88998
629,Mathian,Glugu,64069
630,Justino,Luau,93402
631,Earle,Dalgān,25230
632,Libby,Houston,25243
633,Mace,Itaberaba,25286
634,Demetris,San Antonio,29757
635,Kissee,Kangar,73552
636,Caril,‘Ibrī,31413
637,Lalo,Hortolândia,87711
638,Mira,Jaruco,92517
639,Dulcea,Amersfoort,93072
640,Linda,Mambulo,4294
641,Marion,Mieścisko,53084
642,Llewellyn,Jinyuan,59293
643,Zacharie,Yëlkino,80614
644,Eileen,Strachówka,9275
645,Beniamino,Verba,39508
646,Deeanne,Daojiang,77050
647,Cassondra,Norton,19619
648,Giff,Guáimaro,24965
649,Clarinda,Kimméria,82063
650,Belva,Bukui,22647
651,Addison,Gemblengmulyo,71625
652,Delmer,Maceió,16782
653,Stace,Pendawanbaru,76728
654,Juan,East Migpulao,73832
655,Tyrone,Kolsh,79733
656,Sargent,Cáchira,14307
657,Muhammad,Punsu,91038
658,Tomaso,Wangsi,88575
659,Martha,Brumadinho,74272
660,Consolata,Qiryat Yam,31494
661,Lorilee,Bakau,68675
662,Ingelbert,Bayt ‘Awwā,1168
663,Caril,Manhiça,98884
664,Anstice,Changuillo,57089
665,Pepi,El Carmen,69430
666,Lorianna,Núi Sập,87312
667,Mateo,Ersekë,23617
668,Elmore,Mingoyo,58387
669,Henryetta,Bantay,24669
670,Anallise,Tcholliré,1242
671,Aliza,Yutsa,68290
672,Jewelle,Portumna,64732
673,Natty,Anta,19759
674,Ginger,Masape,83513
675,Niels,Stockholm,62954
676,Pernell,Independencia,53884
677,Devina,Ituverava,72093
678,Helge,Pau,18832
679,Aile,Barrancas,98631
680,Freddi,Chilecito,81329
681,Eugenie,Znamenskoye,35709
682,Davidde,Panggulan,50551
683,Costanza,Potiskum,11833
684,Garvin,Las Toscas,93104
685,Theda,Houyu,32029
686,Fannie,Vršac,62351
687,Elianora,Tonota,55073
688,Randy,Arrabal,28749
689,Rene,Netanya,35205
690,Vallie,San Isidro,31741
691,Chicky,Changzhi,97740
692,Birk,Cimanglid,3860
693,Gus,Aricagua,62220
694,Adella,Mpophomeni,87041
695,Merlina,Gedera,79218
696,Derrik,Bambuí,91397
697,Kelcy,Vetrino,99383
698,Micki,Tiexi,59617
699,Bathsheba,Sanqu,75293
700,Immanuel,Yuen Long Kau Hui,74699
701,Dorine,Buchou,81402
702,Gabriellia,Tomorlog,22432
703,Shawna,Cabaret,59755
704,Ellyn,Jiangkou,80632
705,Bryant,Stryków,84734
706,Sandy,Pailitas,42259
707,Amelie,Cholpon-Ata,83001
708,Roch,Liljendal,8846
709,Jodi,Xomong,21203
710,Earlie,Sengkerang Tiga,3513
711,Boyce,Syriam,9295
712,Amberly,Decatur,94569
713,Roby,Újezd,99245
714,Sophie,Barretos,86453
715,Novelia,Ulyanovsk,25824
716,Missy,Shiqiaotou,77623
717,Vannie,Touguinha,13008
718,Herold,Osielec,91750
719,Frieda,Góra Kalwaria,78645
720,Gibby,Wangmeng,81769
721,Billye,San Isidro de Lules,58611
722,Lonna,Khān Arnabah,79159
723,Wilfred,Dayin,67760
724,Tracy,Pleiku,86796
725,Loria,Ríohacha,54258
726,Linnet,Banjar Kelodan,95910
727,Patricio,Phoenix,11828
728,Ancell,Asamankese,57929
729,Lynnett,Kota Bharu,79720
730,Clovis,Simnas,61616
731,Romy,Daixi,89018
732,Riane,Gò Quao,6012
733,Sutherlan,Myślenice,65994
734,Caldwell,Pringgoboyo,27115
735,Corilla,Hengshi,39081
736,Mendel,Lidun,74571
737,Blayne,Kumalarang,84305
738,Gabbie,Haparanda,71939
739,Francene,Yuecheng,43852
740,Adrien,Yylanly,84402
741,Yehudi,Palalang,11422
742,Rosamond,Bulahblangaro,14050
743,Willetta,Honolulu,27564
744,Cristina,Yangiqo‘rg‘on,22288
745,Carmela,Xinchengzi,53500
746,Rossie,Primorsko-Akhtarsk,54143
747,Nickolas,Jingchuan Chengguanzhen,19641
748,Jarred,Celeirós,44342
749,Kermit,Saraktash,21934
750,Ephraim,São Pedro de Muel,82928
751,Rudy,Vinica,31561
752,Meredeth,San Isidro,19996
753,Chelsae,Zuya,36951
754,Ryan,Trnava,41896
755,Cherish,Grekan,30965
756,Lothario,Oslo,60445
757,Christophe,Kolonia Town,32067
758,Priscilla,Balally,80319
759,Jacky,Bilajer,29954
760,Kirby,Changbao,70869
761,Case,Peachland,98503
762,Ric,Isnos,11711
763,Derrik,Sagopshi,78621
764,Auroora,Solnechnogorsk,98976
765,Fabiano,Kalidawir,96002
766,Issie,Umag,10988
767,Eal,Vân Canh,65180
768,Angelique,Sukorambi,41653
769,Guenevere,Kopen,26520
770,Camala,Phú Thái,53708
771,Mickey,Qiaojia,87338
772,Fairlie,Janas,92706
773,Alyson,Dubrava,82163
774,Derrek,Abū Mūsā,21852
775,Elfie,Hongsung,18586
776,Raoul,Símantra,32109
777,Seline,Higuerote,6266
778,Weider,Timurjaya,22011
779,Zelda,Ban Rangsit,64167
780,Stevena,Upig,67747
781,Rosaline,Indramayu,28675
782,Raye,Qiling,6505
783,Kessiah,Krasne,49533
784,Sheree,Barreiras,21766
785,Norry,Ribeira,32637
786,Tracey,Baihua,1096
787,Bennie,Pichilemu,8592
788,Alon,Buenos Aires,22711
789,Lurline,Kinshasa,34350
790,Burton,Kauditan,17955
791,Dugald,Trzemeszno,92936
792,Megan,Bitung,85565
793,Eziechiele,Wilkes Barre,91278
794,Devonna,Smoky Lake,53202
795,Stacee,Sigaozhuang,2318
796,Gilburt,Mocoa,34548
797,Mignon,Bulgan,9406
798,Star,Kalpáki,31565
799,Corrinne,Oitui,79530
800,Darci,Burbank,32473
801,Mal,Shimorskoye,37981
802,Edgar,Dangjiaxian,19708
803,Onfroi,Witzenhausen,2553
804,Costa,Gardanne,95343
805,Aubrette,Ash Shuyūkh,65707
806,Caterina,Épinal,48602
807,Claire,Paraiso,67691
808,Neala,Bourges,94332
809,Saul,Castelões,67988
810,Zelma,Nailung,95248
811,Heinrick,Tikhoretsk,10417
812,Zena,General Santos,35688
813,Eugenie,Paokmotong Utara,53187
814,Naomi,Wiyayu Barat,25005
815,Romonda,Venustiano Carranza,14954
816,Huntley,Longquan,47040
817,Bearnard,Masoli,50753
818,Lauritz,La Serena,88446
819,Peggi,Jiamaogong,22022
820,Kory,Níkiti,70515
821,Winny,Calhetas,84257
822,Loreen,Jalaud,78853
823,Francene,Áyioi Apóstoloi,75852
824,Cara,Huang’ao,91898
825,Lizzy,Jingpeng,91954
826,Rebe,Dallas,93818
827,Jason,Huicheng,81530
828,Saunder,Portëz,58553
829,Edin,Stettler,60174
830,Myrtia,Zhengdun,31699
831,Bird,Al Quşayr,46856
832,Jacky,Muḩambal,21109
833,Minnaminnie,Las Junturas,56835
834,Loretta,Sịa,19952
835,Tedi,Mustvee,74292
836,Martica,Bardo,27209
837,Lonny,Presidente Venceslau,62090
838,Monika,Cape Town,1259
839,Orella,Libacao,61008
840,Paolina,Biljača,55192
841,Hagen,Oughterard,6932
842,Clarey,Yanchi,17721
843,Domingo,Al Bāţinah,24498
844,Brigitta,Iwakuni,8431
845,Thaine,Motala,31174
846,Iain,Bembèrèkè,72755
847,Liliane,Korba,14259
848,Leela,El Lolo,69220
849,Hershel,Skillingaryd,62170
850,Bobina,Rejoagung,9343
851,Kevan,Tiên Lãng,8867
852,Minda,Tanjung Raja,7404
853,Cahra,Bei,63784
854,Trumann,Ust-Kamenogorsk,39525
855,Nessie,Poputnaya,53124
856,Julia,Kučevo,25705
857,Susette,Agualote,2632
858,Jennette,Guisser,33515
859,Yoshiko,Bulqizë,85767
860,Renee,Huangtukuang,2380
861,Kaspar,Anambongan,75609
862,Agneta,Kedungbanteng Krajan,90033
863,Dusty,Manzanillo,76491
864,Sharia,Aleysk,83555
865,Florina,Koch'ang,12747
866,Darrel,Tuapse,95254
867,Gabie,Hwangju-ŭp,92873
868,Cully,Rāmganj,93359
869,Corenda,San Jacinto,25081
870,Jenni,Vila Chã,53236
871,Lari,Heimahe,44308
872,Allison,Niedźwiedź,2811
873,Mandi,Atalaia,34025
874,Greggory,Naga,32301
875,Kandy,Kissimmee,29798
876,Shaylah,Laško,13446
877,Gina,Rockford,59830
878,Lexie,Catriló,66343
879,Brit,Sovetskoye,90158
880,Torre,Lubukgadang,99368
881,Ingrim,Salor,48737
882,Zeke,Sant Cugat Del Valles,35645
883,Jasmina,Dokolo,84891
884,Anica,Yuanqian,34058
885,Carine,Marvdasht,5580
886,Chrotoem,Maño,11850
887,Gaylor,Itumbiara,10075
888,Violetta,Suchy Dąb,70187
889,Pepita,Qinghua,87265
890,Cassi,Kuivaniemi,91548
891,Gerti,Benoy,79223
892,Augustina,Xingxi,15343
893,Rosabel,Novo,79221
894,Giorgia,Luojiang,96859
895,Wolf,Terbangan,8854
896,Taddeo,Trondheim,18867
897,Marquita,Medellín,62684
898,Rip,Glencoe,1561
899,Devonne,Wamba,87582
900,Gerald,Bendilwungu Lor,34169
901,Valentia,Hanyū,38084
902,Marielle,Rio Branco do Sul,36021
903,Janela,Nankang,81507
904,Mariquilla,Xiayang,99251
905,Rip,Coasa,31461
906,Madelon,Yungay,87658
907,Schuyler,San Agustin,60131
908,Loella,Tonggakjati,44881
909,Susannah,Agua Blanca,8830
910,Gerek,Al Khawkhah,39070
911,Annabal,Henghe,32151
912,Alyosha,Xinzhuang,52974
913,Lyle,Boise,52310
914,Helena,Khōshāmand,73021
915,Alexis,Tomay Kichwa,99771
916,Harman,Remolino,24507
917,Bradford,Greytown,57536
918,Rafaellle,Songjianghe,38110
919,Maurise,Nogueira,4915
920,Madeline,Thị Trấn Việt Lâm,42862
921,Boyd,Petaling Jaya,26089
922,Coral,Quimper,84174
923,Andrew,Vitrolles,13478
924,Myrtie,Shah Alam,67448
925,Dix,Putukrejo,34889
926,Halimeda,Gaofeng,19474
927,Elsa,Zhangtan,38944
928,Correy,Gangu Chengguanzhen,23290
929,Bili,Zhashkiv,28616
930,Rafaelita,Pimian,8076
931,Perle,Dardhas,9528
932,Robb,Bongao,16607
933,Alika,København,99928
934,Henriette,Baiyun,81075
935,Marketa,Pathum Ratchawongsa,59222
936,Byram,Jianshan,75880
937,Veradis,Bryansk,79177
938,Wilhelmina,Erie,65285
939,Terri,Osieck,58711
940,Quintus,Kälviä,42293
941,Alva,Shimen,44340
942,Lindsay,Nnewi,30480
943,Joaquin,Xiehu,3073
944,Gustavus,Šid,50759
945,Jeralee,Huangtudian,30297
946,Cyndia,Jīsh,48983
947,Maitilde,Nampera,88619
948,Alvina,Kuroiso,28965
949,Tally,Xingou,51313
950,Davide,Odintsovo,10722
951,Lissy,Sindangsari,73039
952,Tadd,Al Manzilah,48116
953,Benoit,Sumberkrajan,12264
954,Janette,Angers,34278
955,Alfreda,Peace River,54380
956,Aurlie,Khadzhalmakhi,41920
957,Marcello,Cete,42673
958,Dario,Wangjiaping,80942
959,Justus,North Shore,18693
960,Westleigh,Neryungri,30157
961,Cherin,Zielonki,83412
962,Leonardo,Ambunti,18423
963,Eulalie,Cabugao,86940
964,Vincent,Tsuruoka,67456
965,Hetti,Rancho Nuevo,65807
966,Katti,Nesovice,95495
967,Edeline,Balindong,83762
968,Myrah,Qazax,97033
969,Lise,Bajos de Haina,37658
970,Tailor,Pangal Sur,73838
971,Mallory,Karangora,67001
972,Roseann,Oroquieta,68674
973,Rocky,Kurzętnik,82630
974,Keenan,Mungyeong,49216
975,Raul,Luoqi,39335
976,Dulsea,Kirkland Lake,57611
977,Katlin,Somdet,38498
978,Ruy,Niono,66372
979,Bridget,Açu,61411
980,Greggory,South Bend,26697
981,Annadiane,Anse Boileau,45734
982,Sibley,São Julião do Tojal,37691
983,Zondra,Sarov,67903
984,Curt,Ban Phaeo,82326
985,Karlik,Pasanggrahan,25514
986,Loreen,Palmares,12015
987,Harli,Apitong,72465
988,Liuka,Las Vegas,60445
989,Gianina,Inicbulan,37038
990,Teddie,Santa Marcela,60334
991,Ximenez,Shuanggang,40754
992,Myra,Rio das Ostras,42041
993,Cass,Grębów,92845
994,Erinn,Margos,73320
995,D'arcy,Ilići,62755
996,Valaria,Skrwilno,28496
997,Giulio,Kalemie,15341
998,Aylmar,Citarik,42829
999,Ranique,Davao,82292
1000,Oby,Şaydnāyā,90976
